{
	"Enemies":
	[
		
		{
			"Name": "Whatever",
			"Type": "icosahedron",
			"DoFloat": true,
			"Health": 300,
			"Energy": 175,
			"Speed": 1.5,
			"Shoot":
			{
				"DoShoot": false,
				"Damage": 0,
				"Speed": 0
			},
			"Color":
			{
				"R": 255,
				"G": 82,
				"B": 82,
				"A": 255
			},
			"DeadColor":
			{
				"R": 255,
				"G": 205,
				"B": 210,
				"A": 255
			}
		},
		{
			"Name": "PoolRing",
			"Type": "donut",
			"DoFloat": true,
			"Health": 250,
			"Energy": 120,
			"Speed": 0.5,
			"Shoot":
			{
				"DoShoot": false,
				"Damage": 10,
				"Speed": 20
			},
			"Color":
			{
				"R": 224,
				"G": 64,
				"B": 251,
				"A": 210
			},
			"DeadColor":
			{
				"R": 225,
				"G": 190,
				"B": 231,
				"A": 50
			}
		},
		{
			"Name": "TickTack",
			"Type": "capsule",
			"DoFloat": true,
			"Health": 500,
			"Energy": 150,
			"Speed": 1,
			"Shoot":
			{
				"DoShoot": false,
				"Damage": 10,
				"Speed": 20
			},
			"Color":
			{
				"R": 23,
				"G": 150,
				"B": 251,
				"A": 210
			},
			"DeadColor":
			{
				"R": 0,
				"G": 0,
				"B": 0,
				"A": 255
			}
		},
		{
			"Name": "OneShot",
			"Type": "cylinder",
			"DoFloat": true,
			"Health": 20,
			"Energy": 40,
			"Speed": 1,
			"Shoot":
			{
				"DoShoot": false,
				"Damage": 10,
				"Speed": 20
			},
			"Color":
			{
				"R": 120,
				"G": 150,
				"B": 251,
				"A": 210
			},
			"DeadColor":
			{
				"R": 0,
				"G": 0,
				"B": 0,
				"A": 175
			}
		},
		{
			"Name": "TheShizlDizl",
			"Type": "pyramid",
			"DoFloat": true,
			"Health": 5000,
			"Energy": 40,
			"Speed":0.3,
			"Shoot":
			{
				"DoShoot": false,
				"Damage": 10,
				"Speed": 20
			},
			"Color":
			{
				"R": 25,
				"G": 20,
				"B": 200,
				"A": 255
			},
			"DeadColor":
			{
				"R": 255,
				"G": 00,
				"B": 55,
				"A": 210
			}
		}
	]
}