{
	"Tower":[
		{
			"Radius" : 10,
			"FireFrequency" : 500,
			"Damage" : 300,
			"BulletSpeed" : 4,
			"Health" : 100,
			"Price" : 500,
			"Base" : {
				"R": 211,
				"G": 47,
				"B": 47,
				"A": 255
			},
			"TopActive" : {
				"R": 230,
				"G": 230,
				"B": 230,
				"A": 255
			},
			"TopWaiting" : {
				"R": 20,
				"G": 20,
				"B": 20,
				"A": 100
			},
			"BulletColor" : {
				"R": 10,
				"G": 10,
				"B": 10,
				"A": 255
			},
			"Sound" : 4
		},
        {
            "Radius": 2,
            "FireFrequency": 1000,
            "Damage": 20,
            "BulletSpeed": 4,
            "Health": 100,
            "Price": 100,
            "Base": {
                "R": 93,
                "G": 64,
                "B": 55,
                "A": 255
            },
            "TopActive": {
                "R": 56,
                "G": 142,
                "B": 60,
                "A": 255
            },
            "TopWaiting": {
                "R": 200,
                "G": 230,
                "B": 201,
                "A": 255
            },
            "BulletColor": {
                "R": 62,
                "G": 39,
                "B": 35,
                "A": 255
            },
            "Sound" : 0
        },
        {
            "Radius": 12,
            "FireFrequency": 400,
            "Damage": 120,
            "BulletSpeed": 12,
            "Health": 100,
            "Price": 750,
            "Base": {
                "R": 142,
                "G": 56,
                "B": 255,
                "A": 255
            },
            "TopActive": {
                "R": 56,
                "G": 142,
                "B": 255,
                "A": 255
            },
            "TopWaiting": {
                "R": 0,
                "G": 0,
                "B": 230,
                "A": 255
            },
            "BulletColor": {
                "R": 62,
                "G": 39,
                "B": 35,
                "A": 255
            },
            "Sound" : 1
        },
        {
            "Radius": 5,
            "FireFrequency": 250,
            "Damage": 45,
            "BulletSpeed": 7,
            "Health": 100,
            "Price": 1000,
            "Base": {
                "R": 190,
                "G": 112,
                "B": 255,
                "A": 255
            },
            "TopActive": {
                "R": 40,
                "G": 142,
                "B": 255,
                "A": 255
            },
            "TopWaiting": {
                "R": 0,
                "G": 0,
                "B": 230,
                "A": 255
            },
            "BulletColor": {
                "R": 62,
                "G": 39,
                "B": 35,
                "A": 255
            },
            "Sound" : 1
        }
	]
}