{
    "waves": [
        {
            "Time": 10000,
            "Enemies": [
                {
                    "Type": "PoolRing",
                    "quantity": 4
                },
                {
                    "Type": "OneShot",
                    "Quantity": 2
                }
            ]
        },
        {
            "Time": 10000,
            "Enemies": [
                {
                    "Type": "PoolRing",
                    "quantity": 4
                },
                {
                    "Type": "Whatever",
                    "Quantity": 1
                },
                {
                    "Type": "OneShot",
                    "Quantity": 10
                }
            ]
        },
        {
            "Time": 10000,
            "Enemies": [
                {
                    "Type": "PoolRing",
                    "quantity": 3
                },
                {
                    "Type": "OneShot",
                    "Quantity": 10
                },
                {
                    "Type": "Whatever",
                    "Quantity": 1
                },
                {
                    "Type": "TheShizlDizl",
                    "quantity": 3
                },
                {
                    "Type": "TickTack",
                    "quantity": 7
                }

            ]
        },
        {
            "Time": 10000,
            "Enemies": [
                {
                    "Type": "PoolRing",
                    "quantity": 2
                },
                {
                    "Type": "Whatever",
                    "Quantity": 4
                },
                {
                    "Type": "TheShizlDizl",
                    "quantity": 2
                },
                {
                    "Type": "TickTack",
                    "quantity": 7
                },
                {
                    "Type": "OneShot",
                    "Quantity": 10
                }
            ]
        },
        {
            "Time": 10000,
            "Enemies": [
                {
                    "Type": "PoolRing",
                    "quantity": 2
                },
                {
                    "Type": "Whatever",
                    "Quantity": 4
                },
                {
                    "Type": "TheShizlDizl",
                    "quantity": 2
                },
                {
                    "Type": "TickTack",
                    "quantity": 7
                },
                {
                    "Type": "OneShot",
                    "Quantity": 10
                }
            ]
        },
        {
            "Time": 10000,
            "Enemies": [
                {
                    "Type": "PoolRing",
                    "quantity": 2
                },
                {
                    "Type": "Whatever",
                    "Quantity": 6
                },
                {
                    "Type": "PoolRing",
                    "quantity": 4
                }
            ]
        },
        {
            "Time": 10000,
            "Enemies": [
                {
                    "Type": "TheShizlDizl",
                    "quantity": 2
                },
                {
                    "Type": "Whatever",
                    "Quantity": 8
                },
                {
                    "Type": "PoolRing",
                    "quantity": 20
                },
                {
                    "Type": "TickTack",
                    "quantity": 20
                }
            ]
        },
        {
            "Time": 10000,
            "Enemies": [
                {
                    "Type": "TheShizlDizl",
                    "quantity": 6
                },
                {
                    "Type": "TickTack",
                    "quantity": 6
                },
                {
                    "Type": "Whatever",
                    "Quantity": 10
                },
                {
                    "Type": "PoolRing",
                    "quantity": 8
                }
            ]
        },
        {
			"Time": 10000,
			"Enemies":
			[
                {
                    "Type": "TheShizlDizl",
                    "quantity": 40
                },
                {
                    "Type": "TickTack",
                    "quantity": 20
                },
				{
					"Type": "Whatever",
					"Quantity": 12
				},
				{
					"Type": "PoolRing",
					"quantity": 10
				}
			]
		}
    ]
}