{
	"Enemies":
	[
		{
			"Name": "NightRider",
			"Type": "cube",
			"DoFloat": true,
			"Health": 100,
			"Energy": 100,
			"Speed": 0.75,
			"Shoot":
			{
				"DoShoot": false,
				"Damage": 0,
				"Speed": 0 
			},
			"Color":
			{
				"R": 208,
				"G": 18,
				"B": 73,
				"A": 255
			},
			"DeadColor":
			{
				"R": 0,
				"G": 0,
				"B": 0,
				"A": 255
			}
		},
		{
			"Name": "DeadCruiser",
			"Type": "pyramid",
			"DoFloat": true,
			"Health": 50,
			"Energy": 75,
			"Speed": 5,
			"Shoot":
			{
				"DoShoot": false,
				"Damage": 0,
				"Speed": 0
			},
			"Color":
			{
				"R": 208,
				"G": 18,
				"B": 73,
				"A": 255
			},
			"DeadColor":
			{
				"R": 0,
				"G": 0,
				"B": 0,
				"A": 255
			}
		},
		{
			"Name": "DrunkHeads",
			"Type": "donut",
			"DoFloat": true,
			"Health": 500,
			"Energy": 120,
			"Speed": 0.2,
			"Shoot":
			{
				"DoShoot": true,
				"Damage": 10,
				"Speed": 20
			},
			"Color":
			{
				"R": 208,
				"G": 18,
				"B": 73,
				"A": 255
			},
			"DeadColor":
			{
				"R": 0,
				"G": 0,
				"B": 0,
				"A": 255
			}
		}
	]
}