{
	"Tower":[
		{
			"Radius" : 4,
			"FireFrequency" : 600,
			"Damage" : 10,
			"BulletSpeed" : 4,
			"Health" : 100,
			"Price" : 10,
			"Base" : {
				"R": 222,
				"G": 64,
				"B": 117,
				"A": 255
			},
			"TopActive" : {
				"R": 244,
				"G": 235,
				"B": 66,
				"A": 255
			},
			"TopWaiting" : {
				"R": 45,
				"G": 43,
				"B": 12,
				"A": 255
			},
			"BulletColor" : {
				"R": 244,
				"G": 235,
				"B": 66,
				"A": 100
			},
			"Sound" : 1
		},
		{
			"Radius" : 2,
			"FireFrequency" : 100,
			"Damage" : 5,
			"BulletSpeed" : 4,
			"Health" : 100,
			"Price" : 50,
			"Base" : {
				"R": 244,
				"G": 235,
				"B": 66,
				"A": 255
			},
			"TopActive" : {
				"R": 222,
				"G": 64,
				"B": 117,
				"A": 255
			},
			"TopWaiting" : {
				"R": 45,
				"G": 43,
				"B": 12,
				"A": 255
			},
			"BulletColor" : {
				"R": 222,
				"G": 64,
				"B": 117, 
				"A": 100
			},
			"Sound" : 2
		},
		{
			"Radius" : 9,
			"FireFrequency" : 2000,
			"Damage" : 15,
			"BulletSpeed" : 8,
			"Health" : 100,
			"Price" : 10,
			"Base" : {
				"R": 108,
				"G": 33,
				"B": 161,
				"A": 255
			},
			"TopActive" : {
				"R": 244,
				"G": 235,
				"B": 66,
				"A": 255
			},
			"TopWaiting" : {
				"R": 45,
				"G": 43,
				"B": 12,
				"A": 255
			},
			"BulletColor" : {
				"R": 244,
				"G": 235,
				"B": 66,
				"A": 100
			},
			"Sound" : 3
		}
	]
}