{
	"Enemies":
	[
		{
			"Name": "NightRider",
			"Type": "cube",
			"DoFloat": true,
			"Health": 1000,
			"Energy": 100,
			"Speed": 0.75,
			"Shoot":
			{
				"DoShoot": false,
				"Damage": 0,
				"Speed": 0 
			},
			"Color":
			{
				"R": 208,
				"G": 18,
				"B": 73,
				"A": 255
			},
			"DeadColor":
			{
				"R": 0,
				"G": 0,
				"B": 0,
				"A": 255
			}
		},
		{
			"Name": "DeadCruiser",
			"Type": "pyramid",
			"DoFloat": true,
			"Health": 750,
			"Energy": 75,
			"Speed": 3,
			"Shoot":
			{
				"DoShoot": false,
				"Damage": 0,
				"Speed": 0
			},
			"Color":
			{
				"R": 208,
				"G": 18,
				"B": 73,
				"A": 255
			},
			"DeadColor":
			{
				"R": 0,
				"G": 0,
				"B": 0,
				"A": 255
			}
		},
        {
            "Name": "DrunkHeads",
            "Type": "donut",
            "DoFloat": true,
            "Health": 500,
            "Energy": 120,
            "Speed": 1,
            "Shoot": {
                "DoShoot": true,
                "Damage": 10,
                "Speed": 20
            },
            "Color": {
                "R": 208,
                "G": 18,
                "B": 250,
                "A": 255
            },
            "DeadColor": {
                "R": 0,
                "G": 0,
                "B": 0,
                "A": 255
            }
        },
		{
			"Name": "HardLiner",
			"Type": "capsule",
			"DoFloat": true,
			"Health": 3500,
			"Energy": 250,
			"Speed": 2,
			"Shoot":
			{
				"DoShoot": true,
				"Damage": 10,
				"Speed": 20
			},
			"Color":
			{
				"R": 120,
				"G": 255,
				"B": 73,
				"A": 255
			},
			"DeadColor":
			{
				"R": 0,
				"G": 0,
				"B": 0,
				"A": 255
			}
		},
		{
			"Name": "EndBoss",
			"Type": "pyramid",
			"DoFloat": true,
			"Health": 12500,
			"Energy": 10,
			"Speed": 2.5,
			"Shoot":
			{
				"DoShoot": true,
				"Damage": 10,
				"Speed": 20
			},
			"Color":
			{
				"R": 255,
				"G": 0,
				"B": 123,
				"A": 255
			},
			"DeadColor":
			{
				"R": 255,
				"G": 255,
				"B": 255,
				"A": 175
			}
		}
	]
}