{
    "Tower": [
                {
            "Radius": 5,
            "FireFrequency": 500,
            "Damage": 30,
            "BulletSpeed": 4,
            "Health": 100,
            "Price": 100,
            "Base": {
                "R": 222,
                "G": 64,
                "B": 117,
                "A": 255
            },
            "TopActive": {
                "R": 244,
                "G": 235,
                "B": 66,
                "A": 255
            },
            "TopWaiting": {
                "R": 45,
                "G": 43,
                "B": 12,
                "A": 255
            },
            "BulletColor": {
                "R": 244,
                "G": 235,
                "B": 66,
                "A": 255
            },
            "Sound": 1
        },
        {
            "Radius": 2,
            "FireFrequency": 1000,
            "Damage": 150,
            "BulletSpeed": 6,
            "Health": 100,
            "Price": 150,
            "Base": {
                "R": 234,
                "G": 12,
                "B": 32,
                "A": 255
            },
            "TopActive": {
                "R": 23,
                "G": 12,
                "B": 32,
                "A": 255
            },
            "TopWaiting": {
                "R": 55,
                "G": 5,
                "B": 55,
                "A": 255
            },
            "BulletColor": {
                "R": 255,
                "G": 0,
                "B": 0,
                "A": 255
            },
            "Sound": 1
        },
        {
            "Radius": 9,
            "FireFrequency": 1000,
            "Damage": 225,
            "BulletSpeed": 10,
            "Health": 100,
            "Price": 650,
            "Base": {
                "R": 108,
                "G": 33,
                "B": 161,
                "A": 255
            },
            "TopActive": {
                "R": 244,
                "G": 235,
                "B": 66,
                "A": 255
            },
            "TopWaiting": {
                "R": 45,
                "G": 43,
                "B": 12,
                "A": 255
            },
            "BulletColor": {
                "R": 244,
                "G": 235,
                "B": 66,
                "A": 255
            },
            "Sound": 3
        },
        {
            "Radius": 7,
            "FireFrequency": 500,
            "Damage": 200,
            "BulletSpeed": 10,
            "Health": 100,
            "Price": 1500,
            "Base": {
                "R": 0,
                "G": 255,
                "B": 15,
                "A": 255
            },
            "TopActive": {
                "R": 20,
                "G": 150,
                "B": 100,
                "A": 255
            },
            "TopWaiting": {
                "R": 0,
                "G": 0,
                "B": 200,
                "A": 255
            },
            "BulletColor": {
                "R": 14,
                "G": 210,
                "B": 20,
                "A": 255
            },
            "Sound": 3
        },
        {
            "Radius": 3,
            "FireFrequency": 150,
            "Damage": 350,
            "BulletSpeed": 10,
            "Health": 500,
            "Price": 2200,
            "Base": {
                "R": 244,
                "G": 235,
                "B": 66,
                "A": 255
            },
            "TopActive": {
                "R": 222,
                "G": 64,
                "B": 117,
                "A": 255
            },
            "TopWaiting": {
                "R": 45,
                "G": 43,
                "B": 12,
                "A": 255
            },
            "BulletColor": {
                "R": 222,
                "G": 64,
                "B": 117,
                "A": 255
            },
            "Sound": 2
        }
    ]
}